<?xml version="1.0" encoding="UTF-8" standalone="yes"?>

<BLPACKAGE CreatedBy="Suresh" CreatedDate="2011/12/16 16:36:45" SchemaVersion="2.0">
   <EXTERNALCMD ItemId="1">
      <Name>New External Cmd</Name>
      <Cmd>#set -x&#xA;&#xA;str_REM_DIR_PREFIX=&quot;??REMEDIATION_DIR_PREFIX??&quot;&#xA;str_TMP_DIR=&quot;??TARGET.RSCD_DIR??/tmp/pre$str_REM_DIR_PREFIX&quot;&#xA;str_REM_FILE=&quot;$str_TMP_DIR/gnome_banner_remediation&quot;&#xA;str_UNDO_FILE=&quot;$str_TMP_DIR/gnome_banner_undo&quot;&#xA;str_BANNER_FILE=&quot;??GNOME_BANNER_FILE??&quot;&#xA;str_USER=??USER_TO_EXECUTE_CMD??&#xA;str_SHELL=??USER_LOGIN_SHELL??&#xA;str_BANNER_TEXT_KEY=&quot;/apps/gdm/simple-greeter/banner_message_text&quot;&#xA;&#xA;########Function for su login the specified user and execute the command########&#xA;execute_command_as_user()&#xA;{	&#xA;	case $# in&#xA;		2)	str_USER=&quot;$1&quot;&#xA;			str_COMMAND=&quot;$2&quot;;;&#xA;		3)	str_USER=&quot;$1&quot;&#xA;			str_COMMAND=&quot;$2&quot;&#xA;			str_LOGIN_SHELL=&quot;$3&quot;;;&#xA;		*)  echo &quot;Error: Invalid arguments sent to function execute_command_as_user&quot;&#xA;	esac&#xA;&#xA;	if [[ -z &quot;$str_USER&quot; || -z &quot;$str_COMMAND&quot; ]]&#xA;	then&#xA;		echo &quot;Error: Username or Command cannot be blank&quot;&#xA;	fi&#xA;&#xA;	str_TIMESTAMP=`date +&quot;%y%m%d%H%M%S&quot;`&#xA;	i_PID=$$&#xA;	str_UNIQ_ID=&quot;${str_TIMESTAMP}.${i_PID}&quot;&#xA;&#xA;	if [ -z &quot;$str_LOGIN_SHELL&quot; ]&#xA;	then&#xA;		str_SU_SHELL_ARGS=''&#xA;	else&#xA;		str_SU_SHELL_ARGS=&quot;-s $str_LOGIN_SHELL&quot;&#xA;	fi&#xA;	su - &quot;$str_USER&quot; $str_SU_SHELL_ARGS -c &quot;echo ${str_UNIQ_ID} ; $str_COMMAND ; echo ${str_UNIQ_ID}&quot; &lt;/dev/null 2&gt;/dev/null | sed -e &quot;/${str_UNIQ_ID}/,/${str_UNIQ_ID}/ !d&quot; -e &quot;/^${str_UNIQ_ID}$/ d&quot; 2&gt;/dev/null&#xA;}&#xA;&#xA;if [ ! -f &quot;$str_REM_FILE&quot; ]&#xA;then&#xA;	exit 0&#xA;fi&#xA;&#xA;if [ ! -d &quot;$str_TMP_DIR&quot; ]&#xA;then&#xA;	mkdir -p &quot;$str_TMP_DIR&quot;&#xA;fi&#xA;&#xA;rm -rf &quot;$str_UNDO_FILE&quot;&#xA;&#xA;if [ -z &quot;$str_BANNER_FILE&quot; ]&#xA;then&#xA;	execute_command_as_user &quot;$str_USER&quot; &quot;gconftool-2 -g $str_BANNER_TEXT_KEY&quot; &quot;$str_SHELL&quot; &gt; &quot;$str_UNDO_FILE&quot;&#xA;	#####the file name gnome_banner_remediation is explicitly specified because the command was not able to replace the variable name with the filename. After trying almost all combinations below was found to be most suitable one.&#xA;	execute_command_as_user &quot;$str_USER&quot; &quot;gconftool-2 -s $str_BANNER_TEXT_KEY --type string '`cat $str_REM_FILE`'&quot; &quot;$str_SHELL&quot;&#xA;	rm -f &quot;$str_REM_FILE&quot;&#xA;	exit 0&#xA;fi&#xA;&#xA;mv &quot;$str_BANNER_FILE&quot; &quot;$str_UNDO_FILE&quot;&#xA;mv &quot;$str_REM_FILE&quot; &quot;$str_BANNER_FILE&quot;</Cmd>
      <UndoCmd>#set -x&#xA;&#xA;str_REM_DIR_PREFIX=&quot;??REMEDIATION_DIR_PREFIX??&quot;&#xA;str_TMP_DIR=&quot;??TARGET.RSCD_DIR??/tmp/pre$str_REM_DIR_PREFIX&quot;&#xA;str_UNDO_FILE=&quot;$str_TMP_DIR/gnome_banner_undo&quot;&#xA;str_BANNER_FILE=&quot;??GNOME_BANNER_FILE??&quot;&#xA;str_USER=??USER_TO_EXECUTE_CMD??&#xA;str_SHELL=??USER_LOGIN_SHELL??&#xA;str_BANNER_TEXT_KEY=&quot;/apps/gdm/simple-greeter/banner_message_text&quot;&#xA;&#xA;########Function for su login the specified user and execute the command########&#xA;execute_command_as_user()&#xA;{	&#xA;	case $# in&#xA;		2)	str_USER=&quot;$1&quot;&#xA;			str_COMMAND=&quot;$2&quot;;;&#xA;		3)	str_USER=&quot;$1&quot;&#xA;			str_COMMAND=&quot;$2&quot;&#xA;			str_LOGIN_SHELL=&quot;$3&quot;;;&#xA;		*)  echo &quot;Error: Invalid arguments sent to function execute_command_as_user&quot;&#xA;	esac&#xA;&#xA;	if [[ -z &quot;$str_USER&quot; || -z &quot;$str_COMMAND&quot; ]]&#xA;	then&#xA;		echo &quot;Error: Username or Command cannot be blank&quot;&#xA;	fi&#xA;&#xA;	str_TIMESTAMP=`date +&quot;%y%m%d%H%M%S&quot;`&#xA;	i_PID=$$&#xA;	str_UNIQ_ID=&quot;${str_TIMESTAMP}.${i_PID}&quot;&#xA;&#xA;	if [ -z &quot;$str_LOGIN_SHELL&quot; ]&#xA;	then&#xA;		str_SU_SHELL_ARGS=''&#xA;	else&#xA;		str_SU_SHELL_ARGS=&quot;-s $str_LOGIN_SHELL&quot;&#xA;	fi&#xA;	su - &quot;$str_USER&quot; $str_SU_SHELL_ARGS -c &quot;echo ${str_UNIQ_ID} ; $str_COMMAND ; echo ${str_UNIQ_ID}&quot; &lt;/dev/null 2&gt;/dev/null | sed -e &quot;/${str_UNIQ_ID}/,/${str_UNIQ_ID}/ !d&quot; -e &quot;/^${str_UNIQ_ID}$/ d&quot; 2&gt;/dev/null&#xA;}&#xA;&#xA;if [ ! -f &quot;$str_UNDO_FILE&quot; ]&#xA;then&#xA;	exit 0&#xA;fi&#xA;&#xA;if [ -z &quot;$str_BANNER_FILE&quot; ]&#xA;then	&#xA;	#####the file name gnome_banner_remediation is explicitly specified because the command was not able to replace the variable name with the filename. After trying almost all combinations below was found to be most suitable one.&#xA;	execute_command_as_user &quot;$str_USER&quot; &quot;gconftool-2 -s $str_BANNER_TEXT_KEY --type string '`cat $str_UNDO_FILE`'&quot; &quot;$str_SHELL&quot;&#xA;	rm -f &quot;$str_UNDO_FILE&quot;&#xA;	exit 0&#xA;fi&#xA;&#xA;mv &quot;$str_UNDO_FILE&quot; &quot;$str_BANNER_FILE&quot;</UndoCmd>
      <ActionOnFailure>Abort</ActionOnFailure>
   </EXTERNALCMD>
</BLPACKAGE>
