<?xml version="1.0" encoding="UTF-8" standalone="yes"?>

<BLPACKAGE CreatedBy="Suresh" CreatedDate="2011/12/02 17:25:01" SchemaVersion="2.0">
   <EXTERNALCMD ItemId="1">
      <Name>File-Content-Remedoation</Name>
      <Cmd>#set -x&#xA;&#xA;str_REM_DIR_PREFIX=&quot;??REMEDIATION_DIR_PREFIX??&quot;&#xA;str_TMP_DIR=&quot;??TARGET.RSCD_DIR??/tmp/pre$str_REM_DIR_PREFIX&quot;&#xA;str_MSG1=&quot;??BANNER_LONG_PART1??&quot;&#xA;str_MSG2=&quot;??BANNER_LONG_PART2??&quot;&#xA;str_MSG3=&quot;??BANNER_LONG_PART3??&quot;&#xA;str_MSG4=&quot;??BANNER_LONG_PART4??&quot;&#xA;str_MSG5=&quot;??BANNER_LONG_PART5??&quot;&#xA;str_MSG6=&quot;??BANNER_LONG_PART6??&quot;&#xA;str_MSG7=&quot;??BANNER_LONG_PART7??&quot;&#xA;str_BANNER_FILES=&quot;??BANNER_FILE_NAMES??&quot;&#xA;str_IS_REMEDIATION_FILE_EXISTS=??IS_REMEDIATION_FILE_EXISTS??&#xA;&#xA;remediate() {&#xA;			str_FILE_NAME=&quot;$1&quot;&#xA;			if [ -n &quot;$str_IS_REMEDIATION_FILE_EXISTS&quot; ]&#xA;			then&#xA;				mv &quot;$str_REMEDIATION_FILE&quot; &quot;$str_FILE_NAME&quot;&#xA;				return&#xA;			fi&#xA;			echo $str_MSG1 &gt; &quot;$str_FILE_NAME&quot;&#xA;			echo &quot;&quot; &gt;&gt; &quot;$str_FILE_NAME&quot;&#xA;			echo $str_MSG2 &gt;&gt; &quot;$str_FILE_NAME&quot;&#xA;			echo &quot;&quot; &gt;&gt; &quot;$str_FILE_NAME&quot;&#xA;			echo $str_MSG3 &gt;&gt; &quot;$str_FILE_NAME&quot;&#xA;			echo &quot;&quot; &gt;&gt; &quot;$str_FILE_NAME&quot;&#xA;			echo $str_MSG4 &gt;&gt; &quot;$str_FILE_NAME&quot;&#xA;			echo &quot;&quot; &gt;&gt; &quot;$str_FILE_NAME&quot;&#xA;			echo $str_MSG5 &gt;&gt; &quot;$str_FILE_NAME&quot;&#xA;			echo &quot;&quot; &gt;&gt; &quot;$str_FILE_NAME&quot;&#xA;			echo $str_MSG6 &gt;&gt; &quot;$str_FILE_NAME&quot;&#xA;			echo &quot;&quot; &gt;&gt; &quot;$str_FILE_NAME&quot;&#xA;			echo $str_MSG7 &gt;&gt; &quot;$str_FILE_NAME&quot;&#xA;	}	&#xA;&#xA;if [ ! -d &quot;$str_TMP_DIR&quot; ]&#xA;then&#xA;	mkdir -p &quot;$str_TMP_DIR&quot;&#xA;fi&#xA;&#xA;&#xA;for str_FILE in $str_BANNER_FILES&#xA;do&#xA;	str_CURRENT_FILE=`basename &quot;$str_FILE&quot;`&#xA;	str_REMEDIATION_FILE=&quot;$str_TMP_DIR/$str_CURRENT_FILE.remediation&quot;&#xA;	if [ ! -f &quot;$str_REMEDIATION_FILE&quot; ] &amp;&amp; [ -n &quot;$str_IS_REMEDIATION_FILE_EXISTS&quot; ]&#xA;	then&#xA;		continue&#xA;	fi	&#xA;	UNIQ_ID=`echo $str_FILE | cksum | cut -d&quot; &quot; -f1`&#xA;	UNDO_FILE_NAME=`basename ${str_FILE}`&#xA;	FILE_UNDO=&quot;$str_TMP_DIR/${UNDO_FILE_NAME}_${UNIQ_ID}.undo&quot;&#xA;	rm -f $FILE_UNDO&#xA;	if [ -f &quot;$str_FILE&quot; ]&#xA;	then&#xA;		cp $str_FILE $FILE_UNDO&#xA;	fi&#xA;	remediate $str_FILE&#xA;done&#xA;exit 0</Cmd>
      <UndoCmd>#set -x&#xA;&#xA;str_REM_DIR_PREFIX=&quot;??REMEDIATION_DIR_PREFIX??&quot;&#xA;str_TMP_DIR=&quot;??TARGET.RSCD_DIR??/tmp/pre$str_REM_DIR_PREFIX&quot;&#xA;str_BANNER_FILES=&quot;??BANNER_FILE_NAMES??&quot;&#xA;str_IS_REMEDIATION_FILE_EXISTS=??IS_REMEDIATION_FILE_EXISTS??&#xA;&#xA;for str_FILE in $str_BANNER_FILES&#xA;do&#xA;	UNIQ_ID=`echo $str_FILE | cksum | cut -d&quot; &quot; -f1`&#xA;	UNDO_FILE_NAME=`basename ${str_FILE}`&#xA;	FILE_UNDO=&quot;$str_TMP_DIR/${UNDO_FILE_NAME}_${UNIQ_ID}.undo&quot;&#xA;	if [ -f &quot;$FILE_UNDO&quot; ] &#xA;	then&#xA;  		mv $FILE_UNDO $str_FILE&#xA;	else&#xA;		rm -f $str_FILE&#xA;	fi&#xA;done</UndoCmd>
      <ActionOnFailure>Abort</ActionOnFailure>
   </EXTERNALCMD>
</BLPACKAGE>
