<?xml version="1.0" encoding="UTF-8" standalone="yes"?>

<BLPACKAGE CreatedBy="Suresh" CreatedDate="2011/11/16 15:57:21" SchemaVersion="2.0">
   <EXTERNALCMD ItemId="1">
      <Name>User-Remediation</Name>
      <Cmd>#set -x&#xA;initialize_variables()&#xA;{&#xA;	str_RULE_ID_LIST=&quot;??RULEID??&quot;&#xA;	str_REMDIR=&quot;??TARGET.RSCD_DIR??/tmp/pre??REMEDIATION_DIR_PREFIX??&quot;&#xA;	str_USER_REM_FILE=&quot;$str_REMDIR/user_remediation&quot;&#xA;	str_USER_UNDO_FILE=&quot;$str_REMDIR/user_undo&quot;&#xA;}&#xA;&#xA;	create_remediation_dir()&#xA;{&#xA;	mkdir -p &quot;$str_REMDIR&quot;&#xA;}&#xA;&#xA;remove_old_entries_from_file()&#xA;{&#xA;	str_FILE_NAME=$1&#xA;	str_ENTRY_TO_BE_REMOVED=$2&#xA;	&#xA;	if [ ! -f &quot;$str_FILE_NAME&quot; ]&#xA;	then&#xA;		return&#xA;	fi&#xA;	&#xA;	if [ `egrep -c &quot;^$str_ENTRY_TO_BE_REMOVED[|]&quot; &quot;$str_FILE_NAME&quot;` -gt 0 ]&#xA;	then&#xA;		egrep -v &quot;^$str_ENTRY_TO_BE_REMOVED[|]&quot; &quot;$str_FILE_NAME&quot; &gt; &quot;${str_FILE_NAME}.tmp&quot;&#xA;		mv &quot;${str_FILE_NAME}.tmp&quot; &quot;$str_FILE_NAME&quot;&#xA;	fi&#xA;		&#xA;	if [ ! -s &quot;${str_FILE_NAME}&quot; ]&#xA;	then&#xA;		rm -f &quot;${str_FILE_NAME}&quot;&#xA;	fi&#xA;}&#xA;&#xA;remediate()&#xA;{&#xA;	str_RULE_ID=&quot;$1&quot;&#xA;	egrep &quot;^$str_RULE_ID[|]&quot; &quot;$str_USER_REM_FILE&quot; 2&gt;/dev/null | while read -r str_RECORD&#xA;	do&#xA;		str_REMEDIATION_COMMAND=`echo &quot;$str_RECORD&quot; | get_field_by_position &quot;|&quot; 2`&#xA;		str_UNDO_COMMAND=`echo &quot;$str_RECORD&quot; | get_field_by_position &quot;|&quot; 3`&#xA;		&#xA;		echo &quot;Executing command: $str_REMEDIATION_COMMAND&quot;&#xA;		if ! eval &quot;$str_REMEDIATION_COMMAND&quot;&#xA;		then&#xA;			echo &quot;Command [$str_REMEDIATION_COMMAND] failed&quot;&#xA;			continue&#xA;		fi&#xA;		echo &quot;$str_RULE_ID|$str_UNDO_COMMAND|&quot; &gt;&gt;  &quot;$str_USER_UNDO_FILE&quot;&#xA;	done&#xA;}&#xA;&#xA;&#xA;get_field_by_position()&#xA;{&#xA;	str_FIELD_DELIMETER=&quot; &quot;&#xA;	if [ $# -eq 2 ]&#xA;	then&#xA;		str_FIELD_DELIMETER=$1&#xA;		i_FIELD_NUMBER=$2&#xA;	else&#xA;		i_FIELD_NUMBER=$1&#xA;	fi&#xA;&#xA;	if [ -z &quot;$str_FIELD_DELIMETER&quot; ]&#xA;	then&#xA;		str_FIELD_DELIMETER=&quot; &quot;&#xA;	fi&#xA;	&#xA;	$AWK -F &quot;$str_FIELD_DELIMETER&quot; -v field=$i_FIELD_NUMBER '{print $field}'&#xA;}&#xA;&#xA;#Main&#xA;initialize_variables&#xA;create_remediation_dir&#xA;&#xA;if [ ! -f &quot;$str_USER_REM_FILE&quot; ]&#xA;then&#xA;	echo &quot;$str_USER_REM_FILE does not exist&quot; 1&gt;&amp;2&#xA;	exit 0&#xA;fi&#xA;&#xA; str_OS_TYPE_SUNOS=&quot;SunOS&quot;&#xA;	str_OS=`uname`&#xA;	AWK=&quot;awk&quot;&#xA;&#xA;if [ &quot;$str_OS&quot; = &quot;$str_OS_TYPE_SUNOS&quot; ]&#xA; 	then&#xA; 	    AWK=&quot;nawk&quot;&#xA;fi&#xA;&#xA;str_OLDIFS=&quot;$IFS&quot;&#xA;IFS=&quot;,&quot;&#xA;for str_RULE_ID in `echo &quot;$str_RULE_ID_LIST&quot;`&#xA;do&#xA;	IFS=&quot;$str_OLDIFS&quot;&#xA;	remove_old_entries_from_file &quot;$str_USER_UNDO_FILE&quot; &quot;$str_RULE_ID&quot;&#xA;	remediate &quot;$str_RULE_ID&quot;&#xA;	remove_old_entries_from_file &quot;${str_USER_REM_FILE}&quot; &quot;$str_RULE_ID&quot;&#xA;done&#xA;&#xA;exit 0</Cmd>
      <UndoCmd>#set -x&#xA;initialize_variables()&#xA;{&#xA;	str_RULE_ID_LIST=&quot;??RULEID??&quot;&#xA;	str_REMDIR=&quot;??TARGET.RSCD_DIR??/tmp/pre??REMEDIATION_DIR_PREFIX??&quot;&#xA;	str_USER_UNDO_FILE=&quot;$str_REMDIR/user_undo&quot;&#xA;}&#xA;&#xA;	remove_old_entries_from_file()&#xA;{&#xA;	str_FILE_NAME=$1&#xA;	str_ENTRY_TO_BE_REMOVED=$2&#xA;	&#xA;	if [ ! -f &quot;$str_FILE_NAME&quot; ]&#xA;	then&#xA;		return&#xA;	fi&#xA;	&#xA;	if [ `egrep -c &quot;^$str_ENTRY_TO_BE_REMOVED[|]&quot; &quot;$str_FILE_NAME&quot;` -gt 0 ]&#xA;	then&#xA;		egrep -v &quot;^$str_ENTRY_TO_BE_REMOVED[|]&quot; &quot;$str_FILE_NAME&quot; &gt; &quot;${str_FILE_NAME}.tmp&quot;&#xA;		mv &quot;${str_FILE_NAME}.tmp&quot; &quot;$str_FILE_NAME&quot;&#xA;	fi&#xA;		&#xA;	if [ ! -s &quot;${str_FILE_NAME}&quot; ]&#xA;	then&#xA;		rm -f &quot;${str_FILE_NAME}&quot;&#xA;	fi&#xA;}&#xA;&#xA;undo()&#xA;{&#xA;	str_RULE_ID=&quot;$1&quot;&#xA;	egrep &quot;^$str_RULE_ID[|]&quot; &quot;$str_USER_UNDO_FILE&quot; 2&gt;/dev/null | while read -r str_RECORD&#xA;	do&#xA;		str_UNDO_COMMAND=`echo &quot;$str_RECORD&quot; | get_field_by_position &quot;|&quot; 2`&#xA;		echo &quot;Executing command: $str_UNDO_COMMAND&quot;&#xA;		&#xA;		if ! eval &quot;$str_UNDO_COMMAND&quot;&#xA;		then&#xA;			echo &quot;Command [$str_UNDO_COMMAND] failed&quot;&#xA;		fi&#xA;	done&#xA;}&#xA;&#xA;&#xA;get_field_by_position()&#xA;{&#xA;	str_FIELD_DELIMETER=&quot; &quot;&#xA;	if [ $# -eq 2 ]&#xA;	then&#xA;		str_FIELD_DELIMETER=$1&#xA;		i_FIELD_NUMBER=$2&#xA;	else&#xA;		i_FIELD_NUMBER=$1&#xA;	fi&#xA;&#xA;	if [ -z &quot;$str_FIELD_DELIMETER&quot; ]&#xA;	then&#xA;		str_FIELD_DELIMETER=&quot; &quot;&#xA;	fi&#xA;	&#xA;	$AWK -F &quot;$str_FIELD_DELIMETER&quot; -v field=$i_FIELD_NUMBER '{print $field}'&#xA;}&#xA;&#xA;#Main&#xA;initialize_variables&#xA;if [ ! -f &quot;$str_USER_UNDO_FILE&quot; ]&#xA;then&#xA;	echo &quot;$str_USER_UNDO_FILE does not exist&quot; 1&gt;&amp;2&#xA;	exit 0&#xA;fi&#xA;&#xA;str_OS_TYPE_SUNOS=&quot;SunOS&quot;&#xA;	str_OS=`uname`&#xA;	AWK=&quot;awk&quot;&#xA;&#xA;if [ &quot;$str_OS&quot; = &quot;$str_OS_TYPE_SUNOS&quot; ]&#xA; 	then&#xA; 	    AWK=&quot;nawk&quot;&#xA;fi&#xA;&#xA;str_OLDIFS=&quot;$IFS&quot;&#xA;IFS=&quot;,&quot;&#xA;for str_RULE_ID in `echo &quot;$str_RULE_ID_LIST&quot;`&#xA;do&#xA;	IFS=&quot;$str_OLDIFS&quot;&#xA;	undo &quot;$str_RULE_ID&quot;&#xA;	remove_old_entries_from_file &quot;${str_USER_UNDO_FILE}&quot; &quot;$str_RULE_ID&quot;&#xA;done&#xA;&#xA;exit 0</UndoCmd>
      <ActionOnFailure>Abort</ActionOnFailure>
   </EXTERNALCMD>
</BLPACKAGE>
